ID,Title,Field,Institution,CandidateNames,Sentence
art-mr38awha-z015q,The Invisible Anchor: How Modern Debt Structures Trap the Middle Class,content,Mercer,Andrew Carr,"Andrew Carr, a senior personal finance strategist at the wealth management firm Mercer, cautions that standard debt consolidation can be deceptive."
art-mr38awha-z015q,The Invisible Anchor: How Modern Debt Structures Trap the Middle Class,content_draft,Mercer,Andrew Carr,"Andrew Carr, a senior personal finance strategist at the wealth management firm Mercer, cautions that standard debt consolidation can be deceptive."
art-mr5oy74k-1bda4,The Great Token Devaluation: How Asia’s Price War Is Redefining Global AI Infrastructure,content,Gartner,The Efficiency Trap | Marcus Liang,"### The Efficiency Trap The convergence of technical capability across competing AI providers has made pricing the primary lever for market share, according to Marcus Liang, a senior technology analyst at Gartner."
art-mr5oy74k-1bda4,The Great Token Devaluation: How Asia’s Price War Is Redefining Global AI Infrastructure,content,Accenture,Terry Zhang,"Terry Zhang, a software architect at Accenture, warns that low token rates are not a panacea."
art-mr5oy74k-1bda4,The Great Token Devaluation: How Asia’s Price War Is Redefining Global AI Infrastructure,content_draft,Gartner,The Efficiency Trap | Marcus Liang,"### The Efficiency Trap The convergence of technical capability across competing AI providers has made pricing the primary lever for market share, according to Marcus Liang, a senior technology analyst at Gartner."
art-mr5oy74k-1bda4,The Great Token Devaluation: How Asia’s Price War Is Redefining Global AI Infrastructure,content_draft,Accenture,Terry Zhang,"Terry Zhang, a software architect at Accenture, warns that low token rates are not a panacea."
art-mr8v4k7m-i2ewc,The Rise of the Digital Proxy: How Algorithmic Overemployment is Reshaping the Modern Workplace,content,Accenture,Victoria Vance,"""We are discovering cases where individuals have successfully passed background checks and onboarding procedures across three separate financial institutions, completely delegating their daily operations to specialized AI frameworks,"" notes Victoria Vance, an enterprise security consultant at Accenture."
art-mr8v4k7m-i2ewc,The Rise of the Digital Proxy: How Algorithmic Overemployment is Reshaping the Modern Workplace,content,Gartner,Liam Thorne,"Liam Thorne, a workplace psychologist at Gartner, characterizes the trend as an adaptation to corporate alienation."
art-mr8v4k7m-i2ewc,The Rise of the Digital Proxy: How Algorithmic Overemployment is Reshaping the Modern Workplace,content_draft,Accenture,Victoria Vance,"""We are discovering cases where individuals have successfully passed background checks and onboarding procedures across three separate financial institutions, completely delegating their daily operations to specialized AI frameworks,"" notes Victoria Vance, an enterprise security consultant at Accenture."
art-mr8v4k7m-i2ewc,The Rise of the Digital Proxy: How Algorithmic Overemployment is Reshaping the Modern Workplace,content_draft,Gartner,Liam Thorne,"Liam Thorne, a workplace psychologist at Gartner, characterizes the trend as an adaptation to corporate alienation."
art-mrd0x2kh-sdwcm,The End of the Web Portal: Why Enterprise Brands Are Dismantling Their Digital Palaces,content,McKinsey,Marcus Thorne,"""The webpage was merely a temporary technological compromise because computers historically lacked the cognitive capacity to understand human intent,"" explains Marcus Thorne, a digital product strategist at McKinsey & Company."
art-mrd0x2kh-sdwcm,The End of the Web Portal: Why Enterprise Brands Are Dismantling Their Digital Palaces,content,Gartner,Clara Vance,"Clara Vance, a cloud security director at Gartner, warns that decentralizing consumer interactions requires heightened vigilance."
art-mrd0x2kh-sdwcm,The End of the Web Portal: Why Enterprise Brands Are Dismantling Their Digital Palaces,content_draft,McKinsey,Marcus Thorne,"""The webpage was merely a temporary technological compromise because computers historically lacked the cognitive capacity to understand human intent,"" explains Marcus Thorne, a digital product strategist at McKinsey & Company."
art-mrd0x2kh-sdwcm,The End of the Web Portal: Why Enterprise Brands Are Dismantling Their Digital Palaces,content_draft,Gartner,Clara Vance,"Clara Vance, a cloud security director at Gartner, warns that decentralizing consumer interactions requires heightened vigilance."
art-mriouuvb-6tk3y,The Guzi Revolution: How Collectible Culture is Reshaping Asian Retail Real Estate,content,Chinese Academy of Social Sciences,Liu Yaqiong,"Liu Yaqiong, a consumer sociologist at the Chinese Academy of Social Sciences, characterizes the act of purchasing these goods—known colloquially as *chigu*—as an essential interactive experience."
art-mriouuvb-6tk3y,The Guzi Revolution: How Collectible Culture is Reshaping Asian Retail Real Estate,content_draft,Chinese Academy of Social Sciences,Liu Yaqiong,"Liu Yaqiong, a consumer sociologist at the Chinese Academy of Social Sciences, characterizes the act of purchasing these goods—known colloquially as *chigu*—as an essential interactive experience."
art-mrkpiq3g-z0mma,China Trade Surplus Record: June Exports Surge 27% on Global AI Hardware Boom,content,Gavekal Dragonomics,World Trade Organization,"""The ratio of annual exports to total manufacturing sales in China has climbed back up to 24 percent—the highest point since the country joined the World Trade Organization in 2001,"" notes a comprehensive research brief from Gavekal Dragonomics."